{
  "name": "Enhanced Safari Adventure",
  "description": "Beautiful enhanced safari scene with detailed wildlife and nature",
  "image1": "images/enhanced_safari1.svg",
  "image2": "images/enhanced_safari2.svg",
  "differences": [
    {
      "id": 1,
      "description": "Sun rays missing",
      "x": 80,
      "y": 40,
      "width": 40,
      "height": 60,
      "hint": "The sun has fewer rays in the second image"
    },
    {
      "id": 2,
      "description": "Acacia tree shape changed",
      "x": 370,
      "y": 100,
      "width": 60,
      "height": 50,
      "hint": "The acacia tree has a different shape"
    },
    {
      "id": 3,
      "description": "Elephant trunk position",
      "x": 85,
      "y": 225,
      "width": 35,
      "height": 30,
      "hint": "The elephant's trunk is in a different position"
    },
    {
      "id": 4,
      "description": "Giraffe spots changed",
      "x": 175,
      "y": 150,
      "width": 50,
      "height": 80,
      "hint": "The giraffe has different spots"
    },
    {
      "id": 5,
      "description": "Zebra stripe missing",
      "x": 300,
      "y": 235,
      "width": 25,
      "height": 15,
      "hint": "One of the zebra's stripes is missing"
    },
    {
      "id": 6,
      "description": "Grass color changed",
      "x": 320,
      "y": 240,
      "width": 60,
      "height": 20,
      "hint": "Some grass changed to a brighter green"
    },
    {
      "id": 7,
      "description": "Rock size changed",
      "x": 400,
      "y": 275,
      "width": 35,
      "height": 20,
      "hint": "One rock became bigger"
    },
    {
      "id": 8,
      "description": "Bird appeared",
      "x": 460,
      "y": 65,
      "width": 20,
      "height": 15,
      "hint": "A bird appeared in the sky"
    }
  ]
}
