{
  "name": "Enhanced City Skyline",
  "description": "Spot the differences in this bustling nighttime city scene with buildings, cars, and street life.",
  "image1": "images/enhanced_city1.svg",
  "image2": "images/enhanced_city2.svg",
  "differences": [
    {
      "id": 1,
      "description": "Moon position changed",
      "x": 680,
      "y": 80,
      "width": 60,
      "height": 60,
      "x2": 120,
      "y2": 100,
      "width2": 60,
      "height2": 60
    },
    {
      "id": 2,
      "description": "Building 1 window pattern changed",
      "x": 310,
      "y": 220,
      "width": 72,
      "height": 105,
      "x2": 310,
      "y2": 220,
      "width2": 72,
      "height2": 105
    },
    {
      "id": 3,
      "description": "Building 2 window pattern changed",
      "x": 410,
      "y": 170,
      "width": 55,
      "height": 72,
      "x2": 410,
      "y2": 170,
      "width2": 55,
      "height2": 72
    },
    {
      "id": 4,
      "description": "Building 3 window pattern changed",
      "x": 490,
      "y": 200,
      "width": 72,
      "height": 45,
      "x2": 490,
      "y2": 200,
      "width2": 72,
      "height2": 45
    },
    {
      "id": 5,
      "description": "Building 4 window pattern changed",
      "x": 580,
      "y": 240,
      "width": 55,
      "height": 42,
      "x2": 580,
      "y2": 240,
      "width2": 55,
      "height2": 42
    },
    {
      "id": 6,
      "description": "Building 5 window pattern changed",
      "x": 710,
      "y": 270,
      "width": 72,
      "height": 45,
      "x2": 710,
      "y2": 270,
      "width2": 72,
      "height2": 45
    },
    {
      "id": 7,
      "description": "Red car changed to purple",
      "x": 200,
      "y": 580,
      "width": 40,
      "height": 20,
      "x2": 150,
      "y2": 580,
      "width2": 40,
      "height2": 20
    },
    {
      "id": 8,
      "description": "Blue car changed to orange",
      "x": 500,
      "y": 580,
      "width": 35,
      "height": 20,
      "x2": 550,
      "y2": 580,
      "width2": 35,
      "height2": 20
    },
    {
      "id": 9,
      "description": "Green car missing",
      "x": 600,
      "y": 580,
      "width": 38,
      "height": 20,
      "x2": null,
      "y2": null,
      "width2": null,
      "height2": null
    },
    {
      "id": 10,
      "description": "Person position changed",
      "x": 320,
      "y": 582,
      "width": 12,
      "height": 18,
      "x2": 250,
      "y2": 582,
      "width2": 12,
      "height2": 18
    },
    {
      "id": 11,
      "description": "Person position changed",
      "x": 680,
      "y": 582,
      "width": 12,
      "height": 18,
      "x2": 720,
      "y2": 582,
      "width2": 12,
      "height2": 18
    },
    {
      "id": 12,
      "description": "Extra person added",
      "x": null,
      "y": null,
      "width": null,
      "height": null,
      "x2": 400,
      "y2": 582,
      "width2": 12,
      "height2": 18
    },
    {
      "id": 13,
      "description": "Airplane changed to helicopter",
      "x": 100,
      "y": 115,
      "width": 30,
      "height": 10,
      "x2": 200,
      "y2": 130,
      "width2": 30,
      "height2": 20
    }
  ]
}
