{
  "name": "Enhanced Mountain Landscape",
  "description": "Find the differences in this beautiful mountain landscape with lakes, trees, and wildlife.",
  "image1": "images/enhanced_mountain1.svg",
  "image2": "images/enhanced_mountain2.svg",
  "differences": [
    {
      "id": 1,
      "description": "Sun position changed",
      "x": 150,
      "y": 100,
      "width": 80,
      "height": 80,
      "x2": 650,
      "y2": 120,
      "width2": 80,
      "height2": 80
    },
    {
      "id": 2,
      "description": "Cloud positions different",
      "x": 600,
      "y": 80,
      "width": 80,
      "height": 40,
      "x2": 200,
      "y2": 90,
      "width2": 80,
      "height2": 40
    },
    {
      "id": 3,
      "description": "Tree missing on the right side",
      "x": 695,
      "y": 255,
      "width": 25,
      "height": 60,
      "x2": null,
      "y2": null,
      "width2": null,
      "height2": null
    },
    {
      "id": 4,
      "description": "Tree moved to different position",
      "x": 245,
      "y": 220,
      "width": 40,
      "height": 100,
      "x2": 545,
      "y2": 220,
      "width2": 40,
      "height2": 100
    },
    {
      "id": 5,
      "description": "Extra bird added",
      "x": null,
      "y": null,
      "width": null,
      "height": null,
      "x2": 520,
      "y2": 160,
      "width2": 30,
      "height2": 15
    },
    {
      "id": 6,
      "description": "Flower colors changed",
      "x": 128,
      "y": 305,
      "width": 15,
      "height": 30,
      "x2": 128,
      "y2": 305,
      "width2": 15,
      "height2": 30
    },
    {
      "id": 7,
      "description": "Flower colors changed",
      "x": 378,
      "y": 310,
      "width": 15,
      "height": 27,
      "x2": 378,
      "y2": 310,
      "width2": 15,
      "height2": 27
    },
    {
      "id": 8,
      "description": "Flower colors changed",
      "x": 578,
      "y": 315,
      "width": 15,
      "height": 25,
      "x2": 578,
      "y2": 315,
      "width2": 15,
      "height2": 25
    },
    {
      "id": 9,
      "description": "Rock size changed",
      "x": 300,
      "y": 332,
      "width": 30,
      "height": 16,
      "x2": 300,
      "y2": 328,
      "width2": 40,
      "height2": 24
    },
    {
      "id": 10,
      "description": "Butterfly missing",
      "x": 200,
      "y": 340,
      "width": 25,
      "height": 25,
      "x2": null,
      "y2": null,
      "width2": null,
      "height2": null
    },
    {
      "id": 11,
      "description": "Small flower position changed",
      "x": 180,
      "y": 355,
      "width": 8,
      "height": 8,
      "x2": 280,
      "y2": 355,
      "width2": 8,
      "height2": 8
    },
    {
      "id": 12,
      "description": "Mushroom added",
      "x": null,
      "y": null,
      "width": null,
      "height": null,
      "x2": 148,
      "y2": 337,
      "width2": 16,
      "height2": 16
    }
  ]
}
