{
  "name": "Spot the Difference - Mountain Landscape",
  "description": "Beautiful mountain scenery with hidden differences",
  "image1": "images/mountain1.svg",
  "image2": "images/mountain2.svg",
  "differences": [
    {
      "x": 100,
      "y": 60,
      "width": 50,
      "height": 50,
      "hint": "A cloud in the sky has changed shape!"
    },
    {
      "x": 250,
      "y": 100,
      "width": 40,
      "height": 40,
      "hint": "Look at the mountain peak - something is different!"
    },
    {
      "x": 400,
      "y": 180,
      "width": 35,
      "height": 35,
      "hint": "There's an extra tree on the hillside!"
    },
    {
      "x": 150,
      "y": 250,
      "width": 45,
      "height": 45,
      "hint": "Check the lake reflection - it's not quite right!"
    },
    {
      "x": 320,
      "y": 300,
      "width": 30,
      "height": 30,
      "hint": "A rock has disappeared from the shoreline!"
    },
    {
      "x": 480,
      "y": 280,
      "width": 25,
      "height": 25,
      "hint": "Look for a bird that's no longer there!"
    },
    {
      "x": 200,
      "y": 350,
      "width": 40,
      "height": 40,
      "hint": "The wooden dock has an extra plank!"
    },
    {
      "x": 50,
      "y": 200,
      "width": 35,
      "height": 35,
      "hint": "A flower has bloomed near the water!"
    }
  ]
}
