{
  "name": "Spot the Difference - Safari Animals",
  "description": "Explore the African savanna and spot differences in wildlife",
  "image1": "images/safari1.svg",
  "image2": "images/safari2.svg",
  "differences": [
    {
      "x": 135,
      "y": 285,
      "width": 30,
      "height": 30,
      "hint": "Look at the lion's mane - it's smaller in the second image!"
    },
    {
      "x": 275,
      "y": 298,
      "width": 50,
      "height": 8,
      "hint": "Check the zebra's stripes - one is missing!"
    },
    {
      "x": 425,
      "y": 175,
      "width": 15,
      "height": 15,
      "hint": "The giraffe has an extra spot on its neck!"
    },
    {
      "x": 175,
      "y": 105,
      "width": 25,
      "height": 15,
      "hint": "There's an extra bird in the sky!"
    },
    {
      "x": 320,
      "y": 320,
      "width": 40,
      "height": 25,
      "hint": "Look at the elephant's trunk - it's bent differently!"
    },
    {
      "x": 500,
      "y": 115,
      "width": 35,
      "height": 15,
      "hint": "A tree branch is missing from the right side!"
    },
    {
      "x": 85,
      "y": 340,
      "width": 20,
      "height": 20,
      "hint": "There's an extra small flower near the big one!"
    }
  ]
}
