{
  "name": "Spot the Difference - Urban Cityscape",
  "description": "Urban landscape with challenging differences to find",
  "image1": "images/city1.svg",
  "image2": "images/city2.svg",
  "differences": [
    {
      "x": 80,
      "y": 40,
      "width": 45,
      "height": 45,
      "hint": "A window in the skyscraper has changed color!"
    },
    {
      "x": 200,
      "y": 120,
      "width": 35,
      "height": 35,
      "hint": "Check the billboard - the text is different!"
    },
    {
      "x": 350,
      "y": 90,
      "width": 40,
      "height": 40,
      "hint": "There's an extra antenna on the building!"
    },
    {
      "x": 150,
      "y": 220,
      "width": 30,
      "height": 30,
      "hint": "A street lamp has appeared!"
    },
    {
      "x": 280,
      "y": 280,
      "width": 50,
      "height": 50,
      "hint": "Look at the car - it's changed color!"
    },
    {
      "x": 420,
      "y": 200,
      "width": 25,
      "height": 25,
      "hint": "A traffic light is showing a different color!"
    },
    {
      "x": 100,
      "y": 320,
      "width": 40,
      "height": 40,
      "hint": "There's an extra person on the sidewalk!"
    },
    {
      "x": 380,
      "y": 350,
      "width": 35,
      "height": 35,
      "hint": "A fire hydrant has been added to the street!"
    },
    {
      "x": 500,
      "y": 150,
      "width": 30,
      "height": 30,
      "hint": "Check the clock tower - the time is different!"
    }
  ]
}
