{
  "name": "Safari Animals Adventure",
  "description": "Enhanced safari scene with elephants, giraffes, and zebras",
  "image1": "images/safari_animals_original.svg",
  "image2": "images/safari_animals_modified.svg",
  "differences": [
    {
      "x": 110,
      "y": 180,
      "width": 30,
      "height": 30,
      "hint": "The elephant's trunk moved to a different position"
    },
    {
      "x": 370,
      "y": 95,
      "width": 50,
      "height": 40,
      "hint": "The acacia tree looks a bit different"
    },
    {
      "x": 275,
      "y": 225,
      "width": 50,
      "height": 50,
      "hint": "Check the giraffe's spot pattern carefully"
    },
    {
      "x": 400,
      "y": 205,
      "width": 50,
      "height": 60,
      "hint": "The zebra's stripes have shifted position"
    },
    {
      "x": 435,
      "y": 285,
      "width": 25,
      "height": 20,
      "hint": "Look near the rocks for something extra"
    },
    {
      "x": 60,
      "y": 270,
      "width": 20,
      "height": 25,
      "hint": "There's more grass growing here"
    },
    {
      "x": 330,
      "y": 65,
      "width": 40,
      "height": 30,
      "hint": "One of the clouds disappeared"
    }
  ],
  "maxHints": 4,
  "timeLimit": 420
}
